AccountKey,ParentAccountKey,AccountLabel,AccountName,AccountDescription,AccountType,Operator,CustomMembers,ValueType,CustomMemberOptions,ETLLoadID,LoadDate,UpdateDate
1,,100000,Profit and Loss after tax,Profit and Loss after tax,,,,,,1,2009-08-17 20:45:00,2009-08-17 20:45:00
2,24,111000,Income,Income,Income,+,,Income,+,1,2009-08-17 20:45:00,2009-08-17 20:45:00
3,24,112000,Expense,Expense,Expense,-,,Expense,-,1,2009-08-17 20:45:00,2009-08-17 20:45:00
4,2,110100,Sale Revenue,Sale Revenue,Income,+,,Income,+,1,2009-08-17 20:45:00,2009-08-17 20:45:00
5,3,112100,Cost of Goods Sold,Cost of Goods Sold,Expense,+,,Expense,+,1,2009-08-17 20:45:00,2009-08-17 20:45:00
6,3,112200,Selling, General & Administrative Expenses,Selling, General & Administrative Expenses,Expense,+,,Expense,+,1,2009-08-17 20:45:00,2009-08-17 20:45:00
7,6,112300,Administration Expense,Administration Expense,Expense,+,,Expense,+,1,2009-08-17 20:45:00,2009-08-17 20:45:00
8,6,112400,IT Cost,IT Cost,Expense,+,,Expense,+,1,2009-08-17 20:45:00,2009-08-17 20:45:00
9,6,112500,Human Capital,Human Capital,Expense,+,,Expense,+,1,2009-08-17 20:45:00,2009-08-17 20:45:00
10,6,112600,Light, Heat, Communication Cost,Light, Heat, Communication Cost,Expense,+,,Expense,+,1,2009-08-17 20:45:00,2009-08-17 20:45:00
11,6,112700,Property Costs,Property Costs,Expense,+,,Expense,+,1,2009-08-17 20:45:00,2009-08-17 20:45:00
12,6,112800,Other Expenses,Other Expenses,Expense,+,,Expense,+,1,2009-08-17 20:45:00,2009-08-17 20:45:00
13,6,112900,Marketing Cost,Marketing & Advertisement Cost,Expense,+,,Expense,+,1,2009-08-17 20:45:00,2009-08-17 20:45:00
14,13,112910,Holiday Ad Cost,Holiday Ad Cost,Expense,+,,Expense,+,1,2009-08-17 20:45:00,2009-08-17 20:45:00
15,13,112920,Spring Ad Cost,Spring Ad Cost,Expense,+,,Expense,+,1,2009-08-17 20:45:00,2009-08-17 20:45:00
16,13,112930,Back-to-School Ad Cost,Back-to-School Ad Cost,Expense,+,,Expense,+,1,2009-08-17 20:45:00,2009-08-17 20:45:00
17,13,112940,Business Ad Cost,Business Ad Cost,Expense,+,,Expense,+,1,2009-08-17 20:45:00,2009-08-17 20:45:00
18,13,112950,Tax Time / Summer Ad Cost,Tax Time / Summer Ad Cost,Expense,+,,Expense,+,1,2009-08-17 20:45:00,2009-08-17 20:45:00
19,1,131000,Taxation,Taxation,Taxation,-,,Taxation,-,1,2009-08-17 20:45:00,2009-08-17 20:45:00
20,14,112911,Radio & TV,Holiday Ad Cost by Radio & TV,Expense,+,,Expense,+,1,2009-08-17 20:45:00,2009-08-17 20:45:00
21,14,112912,Print,Holiday Ad Cost by Print,Expense,+,,Expense,+,1,2009-08-17 20:45:00,2009-08-17 20:45:00
22,14,112913,Internet,Holiday Ad Cost by Internet,Expense,+,,Expense,+,1,2009-08-17 20:45:00,2009-08-17 20:45:00
23,14,112914,Other,Holiday Ad Cost by Other,Expense,+,,Expense,+,1,2009-08-17 20:45:00,2009-08-17 20:45:00
24,1,110000,Profit and Loss before tax,Profit and Loss before tax,,+,,,+,1,2009-08-17 20:45:00,2009-08-17 20:45:00
