{ 
    "name": "Bill Theme 2", 
    "dataColors": ["#664455", "#556677", "#114466", "#002222", "#335544", "#bb6600", "#ee9911", " #665544", "#332211", "#ee3300"],
    "background":"#FFFFFF",
    "foreground": "#074650",
    "tableAccent": "#fe6db6",
	"visualStyles":{
        "*":{
            "*":{
                "*":[{
                    "responsive":true,
				    "wordWrap":true,
                    "fontSize":11
                }],
			    "wordWrap":[{
				    "show":true
                }],
                "labels":[{
                    "show":true,
                    "labelOrientation":"vertical"
                }],
                "categoryLabels":[{
                    "show":true
                }],
                "categoryAxis":[{
                    "showAxisTitle":true
                }],
                "valueAxis":[{
                    "showAxisTitle":true
                }]
		    }
	    },
        "card":{
            "*":{
                "labels":[{
                    "fontSize":27
                }],
                "categoryLabels":[{
                    "fontSize":12
                }]
            }
        },
	    "scatterChart":{
		    "*":{
			    "fillPoint":[{
				    "show":true
				}]
		    }
	    },
        "lineChart":{
            "*":{
                "legend":[{
                    "legendMarkerRendering":"lineAndMarker"
                }],
                "lineStyles":[{
                    "showMarker":true,
                    "showSeries":true
                }]
            }
        },
        "donutChart":{
            "*":{
                "legend":[{
                    "show":true
                }],
                "labels":[{
                    "labelStyle": "Percent of total"
                }]
            }
        },
        "pieChart":{
            "*":{
                "legend":[{
                    "show":true
                }],
                "labels":[{
                    "labelStyle": "Percent of total"
                }]
            }
        }
    }
}