{ 
    "name": "ColorblindSafe-Longer", 
    "dataColors": ["#074650", "#009292", "#fe6db6", "#feb5da", "#480091", "#b66dff", "#b5dafe", "#6db6ff", "#914800", "#23fd23"],
    "background":"#FFFFFF",
    "foreground": "#074650",
    "tableAccent": "#fe6db6",
	"visualStyles":{
        "*":{
            "*":{
                "*":[{
                    "responsive":true,
				    "wordWrap":true,
                    "fontSize":11
                }],
			    "wordWrap":[{
				    "show":true
                }],
                "labels":[{
                    "show":true,
                    "labelOrientation":"vertical"
                }],
                "categoryLabels":[{
                    "show":true
                }],
                "categoryAxis":[{
                    "showAxisTitle":true
                }],
                "valueAxis":[{
                    "showAxisTitle":true
                }]
		    }
	    },
        "card":{
            "*":{
                "labels":[{
                    "fontSize":27
                }],
                "categoryLabels":[{
                    "fontSize":12
                }]
            }
        },
	    "scatterChart":{
		    "*":{
			    "fillPoint":[{
				    "show":true
				}]
		    }
	    },
        "lineChart":{
            "*":{
                "legend":[{
                    "legendMarkerRendering":"lineAndMarker"
                }],
                "lineStyles":[{
                    "showMarker":true,
                    "showSeries":true
                }]
            }
        },
        "donutChart":{
            "*":{
                "legend":[{
                    "show":true
                }],
                "labels":[{
                    "labelStyle": "Percent of total"
                }]
            }
        },
        "pieChart":{
            "*":{
                "legend":[{
                    "show":true
                }],
                "labels":[{
                    "labelStyle": "Percent of total"
                }]
            }
        }
    }
}