{
    "name": "Plum",
    "dataColors": ["#653745", "#634B67", "#4E647F", "#2E7C85", "#329077", "#649F5E", "#A1A849", "#E2A84E"],
    "background":"#FFFFFF",
    "foreground": "#653745",
    "tableAccent": "#2E7C85",
	"visualStyles":{
        "*":{
            "*":{
                "*":[{
                    "responsive":true,
				    "wordWrap":true,
                    "fontSize":11
                }],
			    "wordWrap":[{
				    "show":true
                }],
                "labels":[{
                    "show":true,
                    "labelOrientation":"vertical"
                }],
                "categoryAxis":[{
                    "showAxisTitle":true
                }],
                "valueAxis":[{
                    "showAxisTitle":true
                }]
		    }
	    },
	    "scatterChart":{
		    "*":{
			    "fillPoint":[{
				    "show":true
				}]
		    }
	    },
        "lineChart":{
            "*":{
                "legend":[{
                    "legendMarkerRendering":"lineAndMarker"
                }] 
            }
        },
        "donutChart":{
            "*":{
                "legend":[{
                    "show":true
                }],
                "labels":[{
                    "labelStyle": "Percent of total"
                }]
            }
        },
        "pieChart":{
            "*":{
                "legend":[{
                    "show":true
                }],
                "labels":[{
                    "labelStyle": "Percent of total"
                }]
            }
        }
    }
}